Country Name,Country Code,1990,1991,1992,1993,1994,1995,1996,1997,1998,1999,2000,2001,2002,2003,2004,2005,2006,2007,2008,2009,2010,2011,2012,2013,2014,2015,2016,2017,2018,2019,2020,2021,2022
Africa Eastern and Southern,AFE,102.415886119814,101.306934193928,100.263872034947,99.178700069112,99.8657509476919,96.4082015091486,94.8058144092438,93.0860716617329,90.8043303764646,88.285642366469,85.5589181903076,82.5032475217854,79.3705394867354,76.2023025439,73.0265397537664,70.018171364779,67.2858567769122,64.6078937074377,62.0124403425031,59.7313397767738,57.6301407223548,55.5949800647381,53.7132202169401,52.0281450659526,50.5185854916903,49.1370605542711,47.7925648637451,46.4228525409571,45.0873693467249,43.8966995613375,42.8588881720741,41.8238205975898,40.7976245515238
Afghanistan,AFG,122.5,118.7,115.1,111.8,108.6,105.5,102.7,99.9,97.2,94.6,92,89.3,86.6,83.7,80.9,78,75.1,72.3,69.6,67,64.6,62.3,60.1,58.1,56.2,54.6,53,51.5,50.1,48.8,47.4,46.1,44.8
Africa Western and Central,AFW,113.6206378682,112.724312788677,111.947033917647,111.193800359658,110.31756890062,109.111636701958,107.685226659764,105.877612967079,103.816386976554,101.541373437055,99.0034981042379,96.3960770897031,93.731038293456,91.0166248111633,88.3068567973863,85.6584281014998,83.2387093579614,80.9359068969999,78.8609959855245,76.9727977045254,75.231785014529,73.709518519225,72.2853614501668,70.9359685424433,69.8470233953042,68.6722268992438,67.4934964072205,66.3046020873175,65.0073985216766,63.598750347799,62.1598631508913,60.6793347332484,59.1300287464564
Angola,AGO,132.1,131.9,131.7,131.5,131.1,130.6,129.5,128,125.9,123.5,120.7,117.5,113.7,109.5,104.9,100.2,95.1,90,85,80,75.5,71,66.9,63.3,60.3,57.6,55.4,53.4,51.6,49.9,48.4,47,45.7
Albania,ALB,35.2,33.9,32.7,31.6,30.6,29.5,28.5,27.4,26.3,25.2,24,22.9,21.6,20.4,19.1,17.8,16.5,15.3,14.1,12.9,11.9,10.8,10,9.3,8.8,8.5,8.4,8.3,8.3,8.3,8.4,8.4,8.4
Andorra,AND,9.1,8.9,8.6,8.4,8.1,7.9,7.6,7.3,7.1,6.8,6.5,6.3,6,5.8,5.6,5.3,5.1,4.9,4.7,4.4,4.3,4.1,3.9,3.7,3.5,3.4,3.2,3.1,3,2.9,2.8,2.7,2.6
Arab World,ARB,58.6895815631497,57.1250213321694,55.2869763875456,53.711236663188,52.2190582021871,50.8272511589499,49.3254651299118,47.9045222663812,46.4909272621813,45.1192395897767,43.7060681169044,42.2971084852385,41.0016573622817,39.7154126018767,38.5123121269329,37.3597111802693,36.2268966076099,34.9433920471697,33.7747464949981,32.6792092216652,31.5447631571276,30.6936151960621,30.1668706434488,29.4551561066128,28.648471689288,28.0456456398904,27.4713618238956,26.8932613327717,26.4449549512885,25.729853372542,25.0142508021769,24.580502726064,23.971367940196
United Arab Emirates,ARE,11.6,11,10.5,10.1,9.7,9.4,9.1,8.9,8.7,8.5,8.4,8.2,8.1,8,7.8,7.7,7.5,7.4,7.3,7.1,7,6.8,6.7,6.5,6.3,6.1,5.9,5.6,5.3,5,4.8,4.5,4.3
Argentina,ARG,25.4,25.1,24.4,23.6,22.6,21.5,20.5,19.5,18.7,17.9,17.3,16.8,16.4,15.9,15.4,15,14.5,14.1,13.8,13.4,12.9,12.4,11.9,11.4,10.9,10.5,10.1,9.8,9.5,9.2,8.9,8.6,8.4
Armenia,ARM,41.7,40.1,38.5,36.9,35.3,33.8,32.3,30.9,29.5,28.2,27,25.7,24.6,23.4,22.3,21.2,20.2,19.2,18.3,17.4,16.6,15.8,15,14.3,13.6,12.9,12.3,11.7,11.1,10.6,10.1,9.6,9.2
American Samoa,ASM,,,,,,,,,,,,,,,,,,,,,,,,,,,,,,,,,
Antigua and Barbuda,ATG,10.8,11.1,11.5,11.9,12.2,12.4,12.6,12.7,12.6,12.4,12.2,12,11.7,11.5,11.2,11,10.8,10.5,10.3,10.1,10,9.8,9.6,9.5,9.4,9.2,9.1,9,8.8,8.7,8.5,8.3,8.1
Australia,AUS,7.6,7.1,6.7,6.3,6,5.8,5.6,5.4,5.3,5.2,5.1,5,5,4.9,4.8,4.8,4.7,4.5,4.4,4.2,4,3.8,3.6,3.5,3.4,3.3,3.2,3.2,3.2,3.2,3.2,3.2,3.2
Austria,AUT,8,7.6,7.2,6.7,6.2,5.7,5.3,5,4.8,4.7,4.6,4.5,4.4,4.3,4.2,4.1,4,3.9,3.8,3.7,3.6,3.5,3.3,3.2,3.1,3.1,3,3,2.9,2.9,2.8,2.7,2.6
Azerbaijan,AZE,75.8,75.9,76.2,76.2,75.9,74.9,73.3,71,68.1,64.7,61,57.2,53.6,50.3,47.1,44.3,41.7,39.3,37,34.8,32.7,30.7,28.8,26.9,25.2,23.6,22,20.6,19.4,18.4,17.6,16.8,16.1
Burundi,BDI,102.9,103.7,104.2,109.7,104.4,103.8,102.8,101.2,99.3,97,94.4,91.6,88.6,85.4,81.9,78.1,74.1,70,66.2,62.6,59.2,56.1,53.2,50.5,48.1,46,44.1,42.5,41.1,39.8,38.6,37.5,36.4
Belgium,BEL,8.3,8,7.7,7.3,6.8,6.4,5.9,5.6,5.3,5.1,4.9,4.7,4.5,4.4,4.3,4.1,4,3.9,3.8,3.8,3.7,3.6,3.5,3.5,3.4,3.4,3.4,3.3,3.3,3.3,3.2,3.1,3.1
Benin,BEN,104.1,102,99.8,97.8,95.7,93.8,91.9,90.1,88.3,86.5,84.7,83,81.2,79.5,77.9,76.3,74.8,73.4,72,70.7,69.4,68.1,66.8,65.5,64.3,63,61.8,60.5,59.2,57.9,56.4,55,53.6
Burkina Faso,BFA,98.3,98,97.9,97.7,97.4,96.7,95.7,94.6,93.3,91.9,90.5,88.9,87.2,85.2,82.9,80.4,77.7,75.1,72.5,70.2,68,66,64.2,62.5,61,59.4,57.9,56.5,55.1,53.8,52.5,51.2,50.1
Bangladesh,BGD,101.1,97.1,93.1,89.2,85.2,81.3,77.4,73.6,69.9,66.4,63,59.9,57,54.3,51.7,49.3,47,44.8,42.7,40.7,38.9,37.2,35.6,34.1,32.7,31.4,30.1,28.9,27.8,26.7,25.7,24.9,24.1
Bulgaria,BGR,14.6,15,15.2,15.4,15.5,15.5,15.6,15.6,15.4,14.9,14.4,13.8,13.2,12.5,11.8,11,10.4,9.9,9.6,9.3,9,8.7,8.2,7.7,7.3,6.8,6.4,6.1,5.8,5.6,5.4,5.2,5
Bahrain,BHR,19.6,19.3,18.8,18,16.8,15.6,14.3,13.1,12.1,11.3,10.7,10.3,10,9.7,9.4,9.1,8.8,8.5,8.1,7.8,7.4,7.2,7,6.8,6.6,6.5,6.4,6.2,6.1,6,5.9,5.7,5.6
"Bahamas, The",BHS,20,19.1,18.2,17.4,16.6,15.8,15.1,14.5,14,13.8,13.8,13.9,14.1,14.3,14.4,14.4,14.3,14.2,13.9,13.6,13.3,13,12.7,12.4,12.2,12,11.9,11.8,11.7,15.4,11.5,11.3,11.2
Bosnia and Herzegovina,BIH,16.1,15,30.7,30.6,12.4,14.1,11,10.4,9.8,9.1,8.5,8,7.5,7.1,6.8,6.5,6.3,6.2,6.1,6,5.8,5.7,5.7,5.6,5.5,5.5,5.5,5.5,5.5,5.5,5.4,5.3,5.2
Belarus,BLR,12.1,12.1,12.2,12.3,12.4,12.4,12.2,11.9,11.4,10.7,10,9.2,8.5,7.9,7.3,6.7,6.2,5.6,5.1,4.7,4.3,4,3.7,3.5,3.3,3.1,2.9,2.7,2.5,2.4,2.2,2,1.9
Belize,BLZ,31.8,30.2,28.6,27.2,26,24.9,23.9,23,22.2,21.4,20.6,19.9,19.3,18.7,18.3,17.8,17.4,17.1,16.8,16.4,16.1,15.6,15.2,14.7,14.1,13.5,12.9,12.2,11.6,11.1,10.5,9.9,9.4
Bermuda,BMU,,,,,,,,,,,,,,,,,,,,,,,,,,,,,,,,,
Bolivia,BOL,84,81.2,78.4,75.7,72.9,70.1,67.3,64.5,61.6,58.8,55.9,53.2,50.5,48,45.6,43.3,41.1,39,37,35.1,33.3,31.6,30,28.5,27,25.8,24.7,23.6,22.7,21.8,21,20.3,19.6
Brazil,BRA,52.5,50.4,48.2,45.8,43.4,41,38.6,36.4,34.3,32.2,30.3,28.5,26.7,25,23.5,22,20.6,19.4,18.4,17.4,16.6,16,15.4,14.9,14.5,14.2,15,13.7,13.4,13.2,13,12.8,12.5
Barbados,BRB,16.2,15.5,14.9,14.3,13.8,13.5,13.2,13.1,13.1,13.2,13.4,13.6,13.8,14,14.1,14.1,14,13.8,13.6,13.5,13.3,13.1,13,12.8,12.6,12.4,12.1,11.7,11.4,11.1,10.7,10.4,10.1
Brunei Darussalam,BRN,10.2,10.2,10.3,10.2,10.1,9.8,9.5,9.2,8.9,8.6,8.4,8.2,8,7.9,7.9,7.8,7.9,7.9,8,8.1,8.1,8.2,8.3,8.4,8.5,8.5,8.5,8.6,8.6,8.6,8.6,8.6,8.5
Bhutan,BTN,90.2,86.7,83.3,80.1,76.9,73.8,70.6,67.4,64.3,61.2,58.4,55.6,52.7,49.9,47.1,44.4,41.7,39.3,36.9,34.6,32.6,30.7,29.1,27.8,26.6,25.5,24.6,23.6,22.9,22.1,21.4,20.7,20.1
Botswana,BWA,36.8,37.4,38.3,39.3,40.4,41.8,40.6,40.7,40.1,39.5,38.3,37.5,38.1,39.5,41,39.9,41,44.1,45.7,45.3,45.6,46.2,42.2,40.4,40.3,38.9,38.1,35.4,34.3,33.5,32.7,32.1,31.2
Central African Republic,CAF,115.1,114.7,114.3,113.8,113.3,112.7,111.9,111.2,110.3,109.2,108,106.7,105.3,103.6,101.8,100,97.7,95.8,94.1,92.2,90.5,88.8,87.3,86.4,84.8,83.3,82,81.2,79.9,78.3,76.9,75.1,73.5
Canada,CAN,6.8,6.6,6.4,6.2,6,5.8,5.6,5.5,5.4,5.3,5.3,5.3,5.3,5.3,5.3,5.2,5.2,5.1,5.1,5,5,4.9,4.8,4.8,4.7,4.7,4.6,4.6,4.5,4.5,4.5,4.4,4.3
Central Europe and the Baltics,CEB,16.0437794524315,15.4533532055187,15.116078067664,14.7192956905209,14.3077546714118,13.6891583375232,13.0047842497555,12.3818523038203,11.7307681977276,11.0663318599174,10.3837209699421,9.84623303196032,9.53642943472215,9.27701193643133,8.90048878014136,8.45864049666886,7.92367695710356,7.38734487507842,6.9767070613819,6.61092574408085,6.17128033255069,5.87529606803664,5.61765037743195,5.32376574373717,5.09017054091412,4.88322517430607,4.66177579517617,4.44361397043801,4.23241467889561,4.05709272356252,3.98408520339303,3.92248994383263,3.93679141235007
Switzerland,CHE,6.6,6.4,6.1,5.8,5.5,5.2,5.1,4.9,4.8,4.7,4.7,4.6,4.5,4.5,4.4,4.3,4.2,4.1,4,4,3.9,3.9,3.8,3.8,3.7,3.7,3.7,3.6,3.6,3.5,3.5,3.5,3.5
Channel Islands,CHI,,,,,,,,,,,,,,,,,,,,,,,,,,,,,,,,,
Chile,CHL,16.1,14.9,13.7,12.7,11.8,11.1,10.6,10.4,10.1,9.8,9.3,8.7,8.4,8.1,7.9,7.8,7.7,7.6,7.6,7.6,7.5,7.3,7.2,7.1,7,6.8,6.7,6.6,6.4,6.2,5.9,5.7,5.4
China,CHN,42.8,42.5,41.9,41,39.9,38.5,37,35.4,33.7,31.9,29.9,27.8,25.7,23.5,21.4,19.4,17.7,16.1,14.8,13.6,12.5,11.5,10.5,9.7,8.9,8.2,7.6,7,6.4,6,5.5,5.1,4.8
Cote d'Ivoire,CIV,104.1,103.9,103.6,103.2,102.6,101.8,100.8,99.5,97.9,96.2,94.3,92.3,90.1,87.9,85.7,83.3,81.2,78.8,76.5,74.3,72.3,70.5,68.6,66.6,64.7,62.9,61.5,60,58.5,56.7,55.3,53.8,52.4
Cameroon,CMR,84.9,85.7,86.8,88.1,89.4,90.2,90.7,90.8,90.3,89.3,87.8,86,84,81.9,79.9,78.3,76.4,74.8,72.9,71.3,68.8,66.8,64.5,62,60.1,57.8,56.2,54.3,52.7,51.4,49.9,48.3,47
"Congo, Dem. Rep.",COD,119.3,118.2,117.1,116.1,115.1,114,112.9,111.5,110,108.3,106.3,104.2,102,99.8,97.5,95.2,92.8,90.4,88,85.7,83.4,81.2,78.9,76.7,74.6,72.8,70.9,69.1,67.2,65.4,63.6,61.9,60.1
"Congo, Rep.",COG,59.4,60.3,61.6,63.3,65.1,67.1,69.1,71,72.3,72.7,72,70.3,67.6,64.3,60.5,56.7,53.1,49.8,47,44.9,43.2,41.9,40.8,39.8,38.8,37.8,36.7,35.7,34.8,35.9,33,32.1,31.2
Colombia,COL,29.3,28.4,27.5,26.6,25.8,24.9,24.1,23.3,22.6,21.9,21.2,20.6,20,19.4,18.9,18.3,17.8,17.3,16.8,16.2,15.7,15.2,14.8,14.3,13.8,13.4,13,12.6,12.2,11.8,11.4,11,10.6
Comoros,COM,88.7,86.2,83.8,81.5,79.3,77.4,75.6,74,72.5,71.1,69.7,68.2,66.8,65.4,63.8,62.3,60.7,59.2,57.6,56.1,54.6,53.1,51.6,50.2,48.8,47.3,45.7,44.3,42.9,41.7,40.5,39.3,38.2
Cabo Verde,CPV,45.4,44.2,43.6,43.2,42.6,41.6,39.8,37.3,34.3,31.2,28.4,26.1,24.4,23.4,22.9,22.8,22.8,22.8,22.6,22.1,21.4,20.5,19.4,18.2,16.9,15.7,14.6,13.7,12.8,12.1,11.5,11,10.6
Costa Rica,CRI,14.1,13.7,13.3,13,12.8,12.7,12.6,12.6,12.3,11.8,11.1,10.5,10.2,10,9.9,9.8,9.7,9.6,9.5,9.4,9.2,8.9,8.6,8.2,7.9,7.7,7.6,7.5,7.3,7.2,7,6.9,6.9
Caribbean small states,CSS,33.1196754038403,32.0591826360219,31.0030466581824,30.1791317416296,29.455204772756,28.6354488524382,27.9754693548387,27.2348306774523,26.6192197891054,26.0702438368595,25.472896577482,24.9114368645232,24.4389244603058,23.9561213395833,23.4881635077488,22.9729570755823,22.6640679031751,22.18483677375,21.6769744880957,21.2373051972262,20.9802019356924,20.6028289057861,20.1800379863403,19.8977236056842,19.361455489329,18.9607637480443,18.5129790923793,18.0515969842358,17.5969906362262,17.6779061809507,16.8188716726261,16.3693106180666,15.869480973001
Cuba,CUB,10.9,10.3,9.8,9.4,8.9,8.5,8.2,7.8,7.5,7.2,6.9,6.6,6.3,6.1,5.9,5.6,5.4,5.3,5.1,5,4.9,4.8,4.8,4.7,4.8,4.8,4.9,5,5.2,5.4,5.6,5.9,6.2
Curacao,CUW,,,,,,,,,,,,,,,,,,,,,,,,,,,,,,,,,
Cayman Islands,CYM,,,,,,,,,,,,,,,,,,,,,,,,,,,,,,,,,
Cyprus,CYP,9.9,9.8,9.4,9,8.5,8,7.5,7,6.5,6,5.6,5.2,4.9,4.5,4.2,3.9,3.7,3.4,3.2,3,2.8,2.6,2.5,2.4,2.4,2.4,2.4,2.4,2.5,2.5,2.6,2.7,2.7
Czechia,CZE,10.3,9.9,9.3,8.6,7.9,7.1,6.4,5.8,5.2,4.8,4.5,4.3,4.1,3.9,3.7,3.6,3.4,3.2,3,2.9,2.7,2.6,2.6,2.5,2.5,2.6,2.6,2.6,2.5,2.4,2.3,2.2,2.1
Germany,DEU,7,6.6,6.2,5.9,5.5,5.3,5,4.8,4.7,4.5,4.4,4.3,4.2,4.1,4,3.9,3.8,3.7,3.6,3.5,3.5,3.4,3.4,3.3,3.3,3.3,3.3,3.2,3.2,3.2,3.1,3.1,3
Djibouti,DJI,91,89.4,88.1,87,86,85,84.1,83,81.7,80.4,79,77.4,75.8,74.1,72.5,70.7,69,67.2,65.5,63.7,62,60.4,58.8,57.2,55.7,54.2,52.7,51,49.7,48.3,46.8,45.5,44.1
Dominica,DMA,14.4,14.3,14.2,14.2,14.3,14.4,14.6,14.8,15,15.3,15.7,16.1,16.5,17,17.5,18.1,18.7,19.3,20,20.7,21.5,22.3,23.1,23.9,24.8,25.6,26.5,27.3,28.1,28.9,29.6,30.3,30.8
Denmark,DNK,7.3,6.9,6.5,6.1,5.7,5.4,5.2,5,4.9,4.8,4.7,4.6,4.5,4.4,4.2,4.1,3.9,3.8,3.6,3.6,3.5,3.5,3.5,3.5,3.5,3.5,3.5,3.4,3.4,3.3,3.2,3.1,3.1
Dominican Republic,DOM,45.9,44.3,42.7,41.1,39.5,38,36.6,35.3,34.2,33.2,32.3,31.6,31,30.5,30.1,29.7,29.4,29.2,29.1,29,28.9,28.8,28.8,28.8,28.8,28.8,28.9,28.8,28.7,28.4,27.9,27.4,26.8
Algeria,DZA,43,42.5,42.1,41.8,41.3,40.6,39.8,38.9,37.9,36.8,35.6,34.3,33,31.6,30.3,29,27.8,26.6,25.6,24.7,23.9,23.3,22.8,22.4,22,21.7,21.4,21,20.6,20.1,19.7,19.2,18.7
East Asia & Pacific (excluding high income),EAP,45.6572771718931,45.306175492652,44.3600833111014,43.2521439897977,42.016322708038,41.0838533407745,39.6469456735328,38.1615426681448,36.6395201197341,35.0586316714117,33.2419042483333,31.6013864982696,29.8477416391162,27.6564127615366,26.2586698256529,24.2887161648092,22.8617082640579,21.4821727815619,20.6261328986463,19.1069630731624,18.0991212330289,17.2018734648595,16.0302210153965,15.4051624655454,14.5556687528273,14.1033011276375,13.3434373152106,12.7182007085823,12.7368972398296,12.5110545052488,12.6766737003478,12.6482692235105,12.2918174531289
Early-demographic dividend,EAR,76.1797322824711,74.2045147516069,72.4161941392166,70.6473720820644,69.4706746677492,67.2101666432447,65.4116544779341,63.6667684336457,61.8475561436038,59.8994399331847,57.9961456433394,56.1541901791197,54.3590308208986,52.4788961500765,50.8299102108141,48.9046151617883,47.09902187212,45.3790765104921,43.8546602038937,42.0066524300831,40.4763091560457,38.804927579459,37.2736974518788,35.8106679114768,34.3080460910437,32.9701398226771,31.8035143056477,30.6039746395764,29.5764768802479,28.5534274800057,27.5165569462143,26.638294340899,25.7361188969848
East Asia & Pacific,EAS,43.6,43,42,40.8,39.6,38.7,37.3,35.9,34.4,32.9,31.3,29.8,28.1,26.1,24.8,23,21.6,20.4,19.5,18.1,17.2,16.3,15.3,14.7,13.9,13.4,12.7,12.2,12.2,11.9,12.1,12,11.7
Europe & Central Asia (excluding high income),ECA,47.8069374057341,46.9377649580341,46.5214059554318,46.012819758469,45.1318790311089,44.376307176491,42.8707269722608,41.1920063668485,39.4959560488694,37.628065202352,35.5545612197335,33.4915661417824,31.5590555842121,29.6087929838177,27.8466990748707,26.202885765164,24.615903746762,23.2328846605517,21.8046868781578,20.5035316343631,19.381881688678,18.241228262896,17.1775020825808,16.2834490509125,15.4598089948013,14.7255652321528,14.0362747697742,13.5116165637387,13.1121461525892,12.7523964568088,12.3067854044215,11.8739367399921,11.4884089665475
Europe & Central Asia,ECS,24.9,24.5,24.2,23.9,23.4,22.8,21.8,20.8,19.8,18.7,17.6,16.7,15.7,14.7,13.9,13.2,12.5,11.8,11.2,10.7,10.1,9.7,9.3,9,8.6,8.3,7.9,7.5,7.3,7.1,6.9,6.6,6.4
Ecuador,ECU,42.2,40.3,38.5,36.6,34.8,32.9,31,29.2,27.5,26,24.6,23.4,22.4,21.5,20.6,19.9,19.1,18.4,17.6,16.9,16.2,15.5,14.8,14.2,13.7,13.2,12.7,12.4,12,11.6,11.2,10.8,10.5
"Egypt, Arab Rep.",EGY,62.9,60.2,57.5,54.9,52.1,49.4,46.6,44,41.5,39.3,37.2,35.3,33.6,32,30.6,29.4,28.2,27.1,26,25,24,23,22.1,21.3,20.5,19.7,19.1,18.4,17.8,17.2,16.6,16,15.5
Euro area,EMU,8.0139231974896,7.66926408288272,7.29519898517293,6.88603727404928,6.42464900704537,6.05151278704436,5.67359252747763,5.37257546274858,5.1477365071642,4.93418920812645,4.7350038877666,4.5357529478985,4.36201990301661,4.22317607038025,4.03130105249232,3.90268592212757,3.79690212050185,3.6751875517418,3.57108834897155,3.46236578745134,3.41129929701629,3.32080193204169,3.26678571121125,3.21734976883773,3.19344100171786,3.19714957667556,3.1861835350955,3.13355731698272,3.11105489589368,3.08651587034016,3.01924743477324,2.98101328390282,2.91931052630884
Eritrea,ERI,94,90.2,86,81.6,77.1,72.8,68.8,65.1,61.9,58.9,56.3,53.9,51.8,49.8,47.9,46.2,44.6,43.1,41.7,40.3,39.1,38,37,36,35,34.1,33.1,32.2,31.4,30.5,29.7,28.9,28
Spain,ESP,7.4,7.1,6.7,6.3,5.9,5.5,5.2,4.9,4.7,4.5,4.4,4.2,4.1,4.1,3.9,3.8,3.7,3.6,3.4,3.3,3.2,3,2.9,2.9,2.8,2.8,2.7,2.7,2.7,2.7,2.6,2.6,2.5
Estonia,EST,14,13.9,13.7,13.4,13,12.4,11.7,11,10.2,9.4,8.7,8,7.3,6.7,6.2,5.6,5.1,4.7,4.3,3.9,3.6,3.3,3.1,2.8,2.6,2.4,2.3,2.1,1.9,1.8,1.7,1.5,1.5
Ethiopia,ETH,120.5,117.7,114.8,111.5,108.1,104.6,101,97.5,94.1,90.8,87.4,84,80.5,77,73.4,69.8,66.4,63.1,60.1,57.2,54.6,52.1,49.7,47.5,45.5,43.6,41.8,40.1,38.6,37.3,36.1,35,33.9
European Union,EUU,10.096384696931,9.62678659126633,9.18294823551576,8.74927861119964,8.29529373054207,7.78206448910376,7.29718248927919,6.89467951362776,6.55364913092846,6.21923316897823,5.9079922684528,5.63550323842834,5.42663006646021,5.26308432763491,5.03854976797788,4.86780375186772,4.66978826028167,4.46938858796386,4.31595978823261,4.16249108260536,4.00595983016967,3.85612911759035,3.76159422327398,3.65520948660361,3.59092183004412,3.54670097277695,3.49419792107093,3.41388757886702,3.3451294072343,3.28243767454471,3.21051849210798,3.1633239556166,3.11488045636098
Fragile and conflict affected situations,FCS,100.446259630165,99.4432000305199,98.457825680147,97.5809411551725,96.4210700884877,95.4502239692781,93.9252026545557,92.0625087117047,90.0481670190029,88.0744926903396,85.8785779019983,83.55027249244,81.2036775080064,78.8585421947445,76.4774418611949,74.233726044444,72.0085105767566,69.8120919898785,68.2416149889213,66.0033993451319,64.6105868720946,62.8655766594301,61.573431825807,60.2723873430319,59.1432154784873,58.1068189179376,57.1025403523184,56.0314246563809,54.9515673216274,53.7061143053125,52.4729426811286,51.2786441394045,49.9830189656283
Finland,FIN,5.5,5.3,5,4.7,4.5,4.2,4.1,3.9,3.7,3.6,3.5,3.4,3.3,3.3,3.2,3.1,3,2.8,2.7,2.6,2.5,2.3,2.2,2.2,2.1,2,2,1.9,1.9,1.9,1.9,1.9,1.9
Fiji,FJI,24.3,23.4,22.7,22,21.3,20.8,20.3,19.9,19.6,19.4,19.3,19.2,19.3,19.4,19.6,19.8,19.9,19.9,19.7,19.3,18.9,18.4,18.1,17.9,17.9,18.2,18.7,19.5,20.5,21.6,22.6,23.3,23.6
France,FRA,7.5,7.1,6.7,6.2,5.7,5.3,4.9,4.6,4.4,4.3,4.1,3.9,3.7,3.6,3.4,3.3,3.3,3.2,3.2,3.1,3.1,3.1,3.1,3.1,3.1,3.2,3.3,3.3,3.3,3.3,3.3,3.3,3.3
Faroe Islands,FRO,,,,,,,,,,,,,,,,,,,,,,,,,,,,,,,,,
"Micronesia, Fed. Sts.",FSM,39.1,38.3,37.5,36.9,36.3,35.6,34.9,34,33.2,32.4,31.6,30.9,32.1,30,29.8,29.7,29.7,29.7,29.5,29.1,28.6,28,27.4,26.7,26,25.3,24.6,23.9,23.1,22.5,21.7,21.1,20.5
Gabon,GAB,60.1,59.3,58.7,58.1,57.7,57.3,56.8,56.2,55.6,54.7,53.6,52.5,51.4,50.2,48.9,47.7,46.6,45.1,43.9,43,41.5,40.1,38.8,37.5,36.6,35.4,34.1,33.4,32.4,31.2,29.9,29.5,28.8
United Kingdom,GBR,7.9,7.4,6.9,6.6,6.3,6.1,6,5.8,5.7,5.6,5.6,5.5,5.4,5.3,5.2,5.1,5,4.9,4.8,4.6,4.4,4.3,4.1,4,3.9,3.9,3.8,3.8,3.8,3.8,3.7,3.6,3.6
Georgia,GEO,40.7,40.4,40.1,39.8,39.3,38.6,37.7,36.6,35.2,33.6,31.7,29.7,27.5,25.3,23.1,20.9,18.9,17,15.3,13.9,12.6,11.6,10.8,10.2,9.7,9.3,9.1,8.9,8.8,8.6,8.5,8.4,8.3
Ghana,GHA,80,77.6,75.8,74.5,73.6,72.7,71.6,70.3,68.7,66.7,64.5,62.2,60.1,58.2,56.6,55.1,53.8,52.4,50.9,49.2,47.3,45.5,43.8,42.1,40.6,39.2,37.9,36.6,35.5,34.4,33.4,32.5,31.6
Gibraltar,GIB,,,,,,,,,,,,,,,,,,,,,,,,,,,,,,,,,
Guinea,GIN,137.7,134.2,130.5,126.8,123,119.1,115.4,111.7,108,104.3,100.6,97.1,93.6,90.5,87.6,85.1,82.9,81,79.4,78,76.7,75.5,74.3,73.2,72.7,71.7,70.1,69,67.8,66.6,65.2,63.7,62.2
"Gambia, The",GMB,81.1,79.1,77,75,73,71,69,67,65.1,63.3,61.5,59.7,58,56.3,54.6,53,51.4,49.9,48.4,47,45.6,44.3,43.1,41.9,40.7,39.5,38.4,37.4,36.4,35.4,34.5,33.7,32.8
Guinea-Bissau,GNB,131.2,128.8,126.2,123.7,121.1,118.4,115.7,113,110.3,107.6,104.8,102,99,95.9,92.6,89.3,86,82.6,79.2,75.8,72.6,69.5,66.7,64.2,62,60,58.1,56.4,54.7,53.1,51.5,50.1,48.6
Equatorial Guinea,GNQ,120.7,119.8,118.8,117.9,117.2,116.3,115,113.4,111.5,109.3,106.9,104.3,101.6,98.9,96.1,93.2,90.3,87.3,84.4,81.7,79,76.7,74.4,72.1,69.9,67.8,65.8,64,62,60.1,58.4,56.7,55.1
Greece,GRC,9.3,8.8,8.4,8,7.7,7.4,7,6.7,6.3,5.9,5.5,5.1,4.8,4.4,4.1,3.9,3.7,3.5,3.4,3.4,3.3,3.4,3.4,3.5,3.5,3.6,3.6,3.6,3.5,3.5,3.4,3.4,3.3
Grenada,GRD,18,17.1,16.4,15.7,15,14.5,14.1,13.7,13.4,13.2,13,12.8,12.7,12.6,12.5,12.4,12.4,12.4,12.4,12.5,12.6,12.7,12.9,13,13.1,13.3,13.5,13.7,13.9,14.1,14.3,14.4,14.4
Greenland,GRL,,,,,,,,,,,,,,,,,,,,,,,,,,,,,,,,,
Guatemala,GTM,59.5,57.2,55.1,53,51.1,49.2,47.4,45.7,44,42.5,41,39.6,38.2,36.9,35.6,34.4,33.1,32,30.8,29.7,28.6,27.6,26.5,25.6,24.6,23.7,23,22.2,21.5,20.8,20.1,19.4,18.8
Guam,GUM,,,,,,,,,,,,,,,,,,,,,,,,,,,,,,,,,
Guyana,GUY,46.9,45.8,44.8,43.7,42.6,41.6,40.7,39.8,38.8,37.9,37.1,36.3,35.5,34.7,34,33.4,32.8,32.2,31.6,31,30.5,30,29.4,28.8,28.1,27.4,26.6,25.9,25.2,24.4,23.7,23,22.3
High income,HIC,10.7,10.2,9.7,9.3,8.8,8.4,8,7.7,7.4,7.1,6.9,6.7,6.5,6.3,6.1,6,5.8,5.6,5.5,5.3,5.2,5,4.9,4.8,4.7,4.6,4.5,4.5,4.4,4.3,4.3,4.2,4.1
"Hong Kong SAR, China",HKG,,,,,,,,,,,,,,,,,,,,,,,,,,,,,,,,,
Honduras,HND,45.1,43.3,41.5,40,38.4,37,35.6,34.3,42.1,31.7,30.5,29.3,28.1,27,25.9,24.9,24,23.1,22.3,21.5,20.8,20.1,19.4,18.8,18.1,17.5,16.9,16.3,15.8,15.2,14.7,14.2,13.8
Heavily indebted poor countries (HIPC),HPC,108.801180376598,107.085702607882,105.518821973968,104.020644415891,103.965353275822,100.460630128562,98.5044979670722,96.3726032762682,94.1151115062706,91.4001044310578,88.5335074741887,85.4980399933957,82.3881330583517,79.3323442260334,76.2863485920365,73.3813220857382,70.7485283235554,68.205031706479,65.8947017762006,63.7505672787944,62.0600076085033,59.8903934632735,58.0843048783846,56.3594318820952,54.8495970412971,53.4116549191674,51.9534036210651,50.5533733947625,49.2024100876457,47.9537655567385,46.7390638594037,45.589584636925,44.4508594707857
Croatia,HRV,11.2,11,10,9.5,9,8.7,8.3,8,7.7,7.4,7.2,6.9,6.6,6.3,6,5.8,5.5,5.3,5,4.8,4.7,4.5,4.4,4.3,4.2,4.2,4.1,4.1,4,4,4,3.9,3.9
Haiti,HTI,100.3,97.7,95,92.3,89.7,87,84.2,81.6,79,76.5,74.2,72,70,68.2,66.5,65,63.6,62.3,61,59.8,81.6,57.4,56.3,55.1,53.9,52.7,51.5,50.2,49.1,47.8,46.4,45.1,44
Hungary,HUN,15.3,14.6,13.7,12.6,11.7,10.9,10.3,9.9,9.5,9.1,8.7,8.2,7.6,7.2,6.8,6.4,6.1,5.8,5.5,5.3,5.1,5,4.8,4.7,4.5,4.2,4,3.8,3.6,3.4,3.4,3.3,3.3
IBRD only,IBD,56.1571061243691,55.8436732211574,54.9261864041877,53.8151837480934,52.658662860883,51.4203204906702,50.0617646743817,48.6925536592516,47.2869146516969,45.7701565524972,44.0454986740042,42.6246228540494,40.9759373788874,39.2465556875033,37.6343241526202,35.7981060096605,34.09630572708,32.438332658539,30.8394373035597,29.3303227552295,27.9630196533769,26.6437863804252,25.0459605856467,24.0354635124067,22.677882001755,21.8535560630754,20.8808776116546,19.8619995211756,19.5594161237441,18.9058521128245,18.5091397788958,18.0918098297391,17.4349800243591
IDA & IBRD total,IBT,69.2672071624886,69.273369752935,68.5307703458299,67.6139304183224,66.8236274041925,65.4358663492954,64.1703047979011,62.7897223245787,61.3105013277978,59.7050960342226,57.7271574212488,56.0864826375668,54.2666180740325,52.3851383598596,50.5348215395524,48.5869274273358,46.796424894012,45.0373529966118,43.4232763918866,41.8035300320726,40.5136889896036,39.1643970172936,37.5798975848735,36.5980012856031,35.3481196563437,34.5783031456802,33.5397398177356,32.5963685184517,32.3370668668469,31.7330095762991,31.4001529411167,30.9212707117506,30.13982691591
IDA total,IDA,102.668794490554,101.060346486212,99.5438040853195,98.0848495477769,97.2133217752006,94.6921946192968,92.8074965112066,90.6800252528973,88.4346060856583,85.9759163848809,83.371501449403,80.6804170683997,78.0164571367445,75.4396827677725,72.9414660080429,70.5052880243014,68.2856359678188,66.1313015057065,64.4147783122235,62.4679865502342,60.9997113725668,59.365448455116,57.9640871010052,56.5390752650512,55.2580517903351,54.026189426295,52.7388561402522,51.5211859806797,50.2454061284858,48.9495960970488,47.7131774123207,46.5631892416826,45.3731250091992
IDA blend,IDB,102.628664976502,101.894858530023,101.157756370784,100.421551493722,99.493141226017,98.3034953628076,96.8460446350471,95.0917094649219,93.1015783549752,91.0588928504928,88.8660765896876,86.6262848389454,84.4268869139186,82.3290372762673,80.2309284792961,78.2148523110938,76.3019033972561,74.4509185407878,72.7036579337829,71.2099206573563,69.8469999014558,68.6010816627957,67.3053698550587,66.015001059298,64.7898824941867,63.5711031194638,62.3835053572205,61.1827214552668,59.7919748537012,58.3830105563018,56.9173544721486,55.5109078243707,54.037515837679
Indonesia,IDN,61.7,59.3,56.9,54.7,52.5,50.4,48.3,46.3,44.5,42.6,40.9,39.3,37.7,36.2,36.9,33.5,32.3,31,29.9,28.9,27.8,26.8,25.8,24.9,24,23.1,22.3,21.5,20.7,20,19.4,18.7,18.1
IDA only,IDX,102.688892604535,100.638670327281,98.724411466726,96.9095697205676,96.0665428180323,92.8832489072661,90.7820633564698,88.4763653621383,86.0969617844182,83.4175168086852,80.5961823186626,77.6493061435101,74.7305368011942,71.9204046275693,69.2169981825201,66.5567623617281,64.1720114107042,61.8115938102163,60.0622624544209,57.8436083004866,56.292835659965,54.4324233312639,52.9756144849809,51.5008384525159,50.2203176206318,49.0236997749555,47.7038638803509,46.4992930994574,45.3071839328747,44.1045951437856,42.9996647041658,42.0126173006408,40.9821832875043
Isle of Man,IMN,,,,,,,,,,,,,,,,,,,,,,,,,,,,,,,,,
India,IND,84.4,82.5,80.7,79,77.4,75.7,73.9,72.1,70.3,68.4,66.4,64.5,62.6,60.6,58.7,56.8,54.8,52.8,50.8,48.7,46.7,44.6,42.5,40.5,38.5,36.5,34.7,32.9,31.3,29.7,28.1,26.8,25.5
Not classified,INX,,,,,,,,,,,,,,,,,,,,,,,,,,,,,,,,,
Ireland,IRL,7.6,7.2,6.8,6.4,6.2,6.1,6.1,6.1,6.1,6.1,6,5.8,5.5,5.1,4.7,4.4,4.1,3.9,3.8,3.6,3.5,3.5,3.4,3.3,3.3,3.2,3.1,3,2.9,2.9,2.8,2.8,2.7
"Iran, Islamic Rep.",IRN,44.7,42.8,41.1,39.5,38.1,36.8,35.4,34.1,32.7,31.2,29.8,28.3,26.8,25.3,23.7,22.3,21,19.7,18.5,17.5,16.5,15.7,15,14.4,13.8,13.3,12.8,12.3,11.9,11.5,11.1,10.7,10.3
Iraq,IRQ,42.1,41.4,40.7,40.1,39.4,38.8,38.2,37.5,36.9,36.2,35.6,34.9,34.3,33.7,33,32.4,31.7,31,30.2,29.4,28.6,27.8,27,26.2,25.4,24.7,23.9,23.2,22.5,21.8,21.2,20.6,20
Iceland,ISL,5,4.8,4.7,4.5,4.3,4.1,3.9,3.7,3.5,3.4,3.2,3,2.8,2.7,2.6,2.5,2.4,2.3,2.2,2.2,2.1,2.1,2.1,2.1,2,2.1,2.1,2.1,2.1,2.1,2.1,2.1,2
Israel,ISR,9.6,9.2,8.6,8.1,7.6,7.2,6.8,6.4,6.1,5.9,5.6,5.4,5.2,4.9,4.7,4.5,4.3,4.1,4,3.8,3.7,3.5,3.4,3.3,3.2,3.2,3.1,3,2.9,2.9,2.8,2.8,2.7
Italy,ITA,8.4,8,7.7,7.3,6.8,6.4,6,5.6,5.3,5,4.7,4.5,4.3,4.1,3.9,3.8,3.7,3.6,3.5,3.4,3.4,3.3,3.2,3.1,3.1,3,2.9,2.8,2.7,2.6,2.5,2.3,2.2
Jamaica,JAM,23.4,22.8,22.3,21.7,21.1,20.5,19.9,19.2,18.6,18,17.5,17.1,16.8,16.5,16.4,16.4,16.4,16.4,16.4,16.3,16.3,16.3,16.2,16.1,16.1,16,16,16,16.1,16.1,16.2,16.2,16.1
Jordan,JOR,29.5,28.6,27.8,27,26.3,25.6,25,24.4,23.8,23.2,22.6,22,21.4,20.9,20.3,19.8,19.3,18.7,18.2,17.7,17.2,16.8,16.3,15.9,15.5,15.1,14.6,14.2,13.8,13.4,13,12.6,12.2
Japan,JPN,4.6,4.5,4.4,4.4,4.2,4.1,4,3.8,3.6,3.4,3.3,3.1,3,2.9,2.8,2.8,2.7,2.6,2.5,2.4,2.3,2.3,2.2,2.1,2.1,2,2,1.9,1.9,1.8,1.8,1.8,1.7
Kazakhstan,KAZ,44,43.8,44,44.5,44.8,44.7,44,42.6,40.8,38.7,36.6,34.5,32.5,30.7,28.9,27.3,25.6,23.8,21.9,20.1,18.2,16.4,14.6,13,11.6,10.6,9.8,9.4,9.2,9.1,9,8.9,8.7
Kenya,KEN,64.4,65.7,66.6,67.1,66.9,66.2,65.2,64,62.4,60.5,58.2,55.6,52.9,50.2,47.5,44.5,42.2,40.3,38.1,37.4,36.9,36.4,36.5,36,35.2,34.1,33.6,33.4,32.8,32.2,31.8,31,30.5
Kyrgyz Republic,KGZ,53.3,53.2,53.6,53.9,53.5,52.3,50.5,48.3,46.1,44,42,40.1,38.4,36.8,35.4,34.1,32.8,31.3,29.7,27.9,26.1,24.4,23.1,22,20.9,19.8,18.8,17.8,17,16.3,15.9,15.6,15.4
Cambodia,KHM,84.8,84.8,85,85.5,86.1,86.6,86.8,86.5,85.4,83.1,79,73.4,67.3,61.7,56.9,52.9,49.4,46.3,43.2,40.2,37.3,34.6,32.2,30.2,28.6,27.1,25.9,24.7,23.6,22.7,21.9,21.1,20.3
Kiribati,KIR,66.3,64,61.9,60,58.3,56.9,55.5,54.3,53,51.8,50.6,49.5,48.5,47.8,47.3,46.9,46.7,46.4,46,45.6,45.3,45,44.9,45,45.3,45.7,46.1,46.3,46.4,46.1,45.5,44.8,43.9
St. Kitts and Nevis,KNA,25.3,24.8,24.4,24.1,23.8,23.4,23,22.4,21.7,21,20.1,19.2,18.3,17.6,16.9,16.4,16,15.7,15.6,15.5,15.5,15.6,15.7,15.8,15.8,15.7,15.5,15.2,14.8,14.5,14.1,13.7,13.3
"Korea, Rep.",KOR,13.5,12.4,11.4,10.6,9.7,9,8.4,7.8,7.3,6.8,6.5,6.1,5.8,5.5,5.1,4.8,4.4,4.1,3.9,3.7,3.5,3.4,3.3,3.2,3.1,3,2.9,2.8,2.8,2.7,2.6,2.5,2.4
Kuwait,KWT,16,14.4,13.8,13.4,13,12.6,12.3,11.9,11.5,11.2,11,10.8,10.6,10.5,10.3,10.1,10,9.8,9.7,9.5,9.2,8.9,8.5,8.2,8,7.8,7.7,7.6,7.6,7.5,7.5,7.5,7.4
Latin America & Caribbean (excluding high income),LAC,45.4568591131429,43.6998337644525,41.9067970601145,40.0926303621042,38.2670475854108,36.4996394562469,34.7371197530276,33.0495214673548,31.6944464962928,29.8949288768031,28.4927216346344,27.1514039690011,25.8657640559316,24.6903265898215,23.6165948030418,22.5868691198159,21.6184567685484,20.7586919855625,19.9602529539924,19.1822038851337,19.1474664556032,17.8960657268046,17.3139339823802,16.7662108642967,16.2638402169866,15.8580565203702,15.829701526055,15.1308016805054,14.7656940370115,14.4080761774573,14.059833987891,13.7188604646418,13.3491388677077
Lao PDR,LAO,105.6,102.4,99.2,96.1,93,90,87.1,84.3,81.6,78.9,76.2,73.6,71,68.4,65.8,63.3,60.7,58.3,55.9,53.6,51.4,49.2,47.2,45.3,43.4,41.7,40,38.6,37.2,36,34.8,33.7,32.7
Lebanon,LBN,26.5,25.3,24.2,23.2,22.2,21.3,20.4,19.5,18.7,17.8,17,16.1,15.3,14.4,13.7,12.9,12.3,11.8,11.4,11.1,10.8,10.7,10.6,10.6,10.7,10.9,11.2,11.6,12,12.6,13.3,14.1,14.9
Liberia,LBR,176,177.3,176.8,174.5,170.3,164.8,158.3,151,143.6,135.8,127.7,119.5,111.8,104.2,97,90.6,85.2,80.8,77.1,74.1,71.7,69.8,68.1,66.7,67.6,64.5,63.1,62,60.7,59.3,57.8,56.4,54.9
Libya,LBY,35.6,33.9,32.3,30.8,29.6,28.4,27.4,26.5,25.6,24.8,24.1,23.4,22.7,21.9,21,19.8,18.6,17.3,16.1,15,14.2,15,12.9,12.3,11.8,11.4,10.9,10.5,10.2,9.8,9.5,9.2,8.9
St. Lucia,LCA,17.1,16.8,16.6,16.4,16.2,16.1,16,15.9,15.9,15.8,15.8,15.8,15.8,15.9,15.9,16,16,16,16.1,16.1,16.2,16.2,16.2,16.2,16.2,16.2,16.2,16.2,16.2,16.2,16.2,16.1,16
Latin America & Caribbean,LCN,43.5,41.8,40.1,38.4,36.7,35,33.4,31.8,30.5,28.8,27.5,26.2,25,23.9,22.8,21.8,20.9,20.1,19.3,18.6,18.6,17.4,16.9,16.4,16,15.7,15.9,15.2,14.9,14.6,14.2,13.9,13.5
Least developed countries: UN classification,LDC,108.58633015312,106.415357498203,104.358219875241,102.358674048067,101.452920640417,98.0220979138871,95.7786774203028,93.3177733652784,90.7283702084369,88.0119986494764,85.0669509278895,82.0241154465911,78.9421799089926,75.9424681194305,72.9847972906332,70.2252796227438,67.6461872579987,65.1412811724982,63.2965748256265,60.7694351093412,59.1014876304775,56.9937338780125,55.2156064524118,53.5284029787329,52.068213676801,50.7254865051994,49.3032178111533,47.985163407754,46.7047492728656,45.5067396928544,44.3682035001776,43.3407787394021,42.266706036248
Low income,LIC,109.9,108.2,106.4,104.6,104.8,101.7,99.6,97.4,95,92.4,89.6,86.5,83.5,79.8,76.8,74,71.3,68.6,66.2,64.1,62.2,60.4,58.8,57.2,55.9,54.5,53.1,51.8,50.5,49.2,47.9,46.8,45.7
Liechtenstein,LIE,,,,,,,,,,,,,,,,,,,,,,,,,,,,,,,,,
Sri Lanka,LKA,19,18.7,18.5,18.2,17.9,17.4,16.9,16.4,15.7,15,14.4,13.8,13.4,13,17.6,12.1,11.5,10.8,10.3,13.6,9.6,9.3,8.9,8.4,8,7.5,7.1,6.8,6.5,6.2,6,5.7,5.6
Lower middle income,LMC,83.2,81.6,80.1,78.8,77.5,76.2,74.7,73.1,71.3,69.4,67.4,65.4,63.4,61.4,59.5,57.5,55.7,53.9,52.3,50.4,48.9,47.3,45.7,44.1,42.7,41.4,40.2,39.1,37.9,36.9,35.8,34.8,33.7
Low & middle income,LMY,70.6672283615062,70.650923905701,69.7981834552739,68.7852938778163,67.9627400184713,66.6313884546814,65.3282623113166,63.8959398936788,62.382747797437,60.7337430350831,58.7333185080388,57.0842036906891,55.2543468967588,53.2707043236233,51.4067253721945,49.4342381473024,47.6321258793317,45.8734929230755,44.2595775342926,42.616692955403,41.3032860099912,39.9133853373715,38.2965073049946,37.2899266405785,36.0173339063856,35.2296039706267,34.140237039583,33.1420170305948,32.8679069649789,32.2270018244075,31.8852784756084,31.3920598166102,30.5938592384714
Lesotho,LSO,68.2,67.5,67.4,67.8,68.8,69.5,69.8,69.9,70.1,70.4,70.9,70.9,71.1,71.4,72.1,72.8,72.5,70.6,73,69.1,65.9,63.2,63.5,63.9,63.1,62.9,63,62.4,61.4,60.7,59.2,57.7,56.4
Late-demographic dividend,LTE,40.4016011957225,39.5619173461674,38.6942195253844,37.6730194343661,36.4575080266703,35.5732815570239,34.0945087490634,32.5967251343777,31.0792771257865,29.4978975875997,27.8351563078721,26.0364031663149,24.294764389859,22.1579773534856,20.6191045692741,19.0087745586376,17.6399901376279,16.3453990728942,15.2454046276789,14.2934453340557,13.346326323501,12.5587597026546,11.7009922479268,11.0735102402018,10.4020626135626,9.88045861552852,9.39624176259811,8.79552182369124,8.50808896595717,8.22329513830325,8.03216565028429,7.84806277178038,7.57677460025247
Lithuania,LTU,11.9,13,14.2,14.5,13.4,11.9,10.7,9.8,9.3,8.9,8.6,8.2,7.9,7.6,7.5,7.3,6.9,6.4,5.9,5.4,4.9,4.5,4.2,4,4,4,3.8,3.5,3.2,3,2.9,2.9,2.9
Luxembourg,LUX,7.4,7,6.5,6.1,5.7,5.3,4.9,4.6,4.3,4,3.8,3.5,3.3,3.1,2.9,2.8,2.7,2.5,2.5,2.4,2.3,2.3,2.3,2.2,2.2,2.2,2.2,2.2,2.3,2.3,2.3,2.2,2.2
Latvia,LVA,13.2,14.2,15.1,15.7,15.9,15.6,15.1,14.3,13.4,12.4,11.5,10.8,10.3,9.7,9.1,8.6,8.1,7.7,7.3,6.9,6.5,6,5.5,5.1,4.7,4.3,4,3.8,3.6,3.4,3.2,3,2.8
"Macao SAR, China",MAC,,,,,,,,,,,,,,,,,,,,,,,,,,,,,,,,,
St. Martin (French part),MAF,,,,,,,,,,,,,,,,,,,,,,,,,,,,,,,,,
Morocco,MAR,63.5,61.3,59.1,57.1,55,53,51,49.1,47.4,45.6,44,42.3,40.6,38.9,37.2,35.4,33.6,31.8,30.1,28.4,26.8,25.3,23.9,22.5,21.3,20.1,19.1,18.2,17.4,16.7,16,15.4,14.8
Monaco,MCO,6.3,6,5.8,5.5,5.3,5.1,4.9,4.7,4.5,4.3,4.2,4.1,3.9,3.8,3.7,3.7,3.6,3.5,3.4,3.3,3.3,3.2,3.1,3,3,2.9,2.8,2.7,2.6,2.5,2.5,2.4,2.3
Moldova,MDA,27.6,27.8,28.6,29.6,30.6,31.3,31.5,31,29.9,28.3,26.1,23.9,21.8,19.8,18.3,17.1,16.3,15.7,15.2,14.9,14.6,14.4,14.2,13.9,13.7,13.4,13.2,13,12.8,12.7,12.5,12.3,12.2
Madagascar,MDG,95.2,92.2,89.4,86.8,84.2,81.6,78.8,75.9,72.9,70,67.2,64.6,62.2,59.9,57.7,55.6,53.7,52,50.4,49,47.8,46.9,46.2,45.7,45.4,45.2,45.1,45.1,45.2,45.3,45.4,45.4,45.1
Maldives,MDV,63.2,60.1,57,54,51,47.9,44.8,41.5,38.3,35,31.8,28.7,25.6,22.9,21.5,18.4,16.6,15.1,13.9,12.8,11.9,11.2,10.4,9.7,9,8.4,7.7,7.1,6.5,6,5.5,5.1,4.8
Middle East & North Africa,MEA,50.4,48.7,47.1,45.5,44,42.5,40.8,39.3,37.8,36.2,34.7,33.2,31.8,30.5,29.3,28.1,26.9,25.6,24.5,23.5,22.7,22,21.8,21.2,20.4,19.8,19.1,18.6,18.2,17.7,17.1,16.8,16.2
Mexico,MEX,36.1,34.6,33.2,31.9,30.5,29.3,28,26.8,25.7,24.6,23.6,22.6,21.7,20.9,20.1,19.4,18.7,18.1,17.5,16.9,16.4,15.9,15.4,14.9,14.4,14,13.5,13.1,12.7,12.2,11.8,11.4,11
Marshall Islands,MHL,37.9,36.7,35.5,34.5,33.9,33.5,33.4,33.5,33.8,34,34.1,34.1,34,33.8,33.5,33.3,33,32.7,32.5,32.2,31.8,31.5,31,30.5,29.8,29.1,28.5,27.8,27.1,26.3,25.5,24.7,24
Middle income,MIC,66.047152719947,65.9452263373643,65.0395750082262,63.9335732109364,62.8447944755691,61.5836343126201,60.2427118029848,58.8117404609278,57.340860927579,55.7270958566583,53.8231704307407,52.2961886136757,50.5658753050938,48.7559175062308,47.0176196628733,45.1198268558854,43.3905734267447,41.7417435393319,40.2486787670226,38.6384374423412,37.3595351498449,36.0072808584646,34.380588577008,33.4031369418881,32.1040140763388,31.319361696524,30.2606337372683,29.2456256949313,28.9986049194493,28.3665599320885,28.0449084010839,27.5666900905964,26.7849592351566
North Macedonia,MKD,32.7,31.1,30.3,28.4,25.2,21.8,19.4,17.7,16.3,15.1,14.2,13.5,13,12.7,12.5,12.2,11.7,11.1,10.3,9.6,9.1,9,9.1,9.5,9.9,9.9,9.4,8.4,7.2,6.2,5.3,4.6,4.1
Mali,MLI,120.2,118.3,116.6,115,113.5,111.9,110.3,108.5,106.5,104.1,101.6,99,96.3,93.6,91.1,88.7,86.4,84.2,82.1,80.1,78.3,76.5,74.8,73.1,71.6,70,68.5,67.1,65.7,64.2,62.9,61.4,60.1
Malta,MLT,10,9.7,9.3,9,8.6,8.3,7.9,7.6,7.2,6.9,6.7,6.5,6.3,6.2,6.1,6.1,6,6,6,6,6,6,5.9,5.9,5.8,5.7,5.7,5.6,5.4,5.3,5.2,5,4.9
Myanmar,MMR,81.5,79.8,78.1,76.4,74.7,73.1,71.4,69.8,68.2,66.6,65,63.5,62,60.4,58.8,57.2,55.5,53.7,64.2,50.2,48.5,46.7,45,43.3,41.8,40.4,39.1,37.9,36.7,35.6,34.5,33.5,32.5
Middle East & North Africa (excluding high income),MNA,52.821382401868,51.0640218203348,49.498447677211,47.9816325870867,46.5407141673169,45.107208432539,43.4709873943937,41.9777682011675,40.3957637482599,38.8211359429483,37.24805703509,35.6150405422689,34.1355006828923,32.7153125512139,31.3216491333367,30.0297641143546,28.787003139511,27.4816126101789,26.2884595391465,25.3273582190768,24.3786815386298,23.6996072332444,23.4397675747013,22.7838621713008,21.9380351234459,21.2959842845895,20.5812844122094,20.0561109895791,19.736769317578,19.1712937788287,18.5723858898952,18.1674271221987,17.5927953938413
Montenegro,MNE,14.9,14.3,13.8,13.6,13.6,13.5,13.5,13.4,13.3,13,12.6,12.1,11.5,10.8,10,9.3,8.5,7.7,7,6.3,5.7,5.2,4.7,4.2,3.9,3.5,3.3,3.1,2.9,2.7,2.5,2.4,2.3
Mongolia,MNG,76.4,73.5,70.8,68.3,65.8,63.3,60.6,57.7,54.7,51.6,48.4,45.1,41.8,38.7,35.7,33,30.4,28,25.9,23.9,22.1,20.6,19.4,18.3,17.5,16.6,15.8,15,14.2,13.4,12.7,12.1,11.5
Northern Mariana Islands,MNP,,,,,,,,,,,,,,,,,,,,,,,,,,,,,,,,,
Mozambique,MOZ,162,159.6,157,153.7,149.9,145.1,139.6,133,126.2,119.5,112.9,106.6,100.9,95.7,91.1,86.8,82.9,77.5,74.8,71.5,71,67.5,65,62.8,61.3,59.6,57.9,55.7,54.2,52.6,51.4,50,48.7
Mauritania,MRT,70.8,70.1,69.7,69.3,68.9,68.5,67.9,67.1,65.9,64.4,62.5,60.3,57.7,55,52.4,49.8,47.5,45.5,43.9,42.5,41.5,40.5,39.7,38.9,38.1,37.3,36.4,35.6,34.7,33.9,33,32.2,31.4
Mauritius,MUS,19.8,18.8,18.4,18.5,18.9,19.4,19.8,19.8,19.1,17.8,16.5,15.4,14.6,14.1,13.8,13.7,13.5,13.4,13.1,12.8,12.8,12.9,13.1,13.1,13,12.9,13,13.3,13.7,14,14.1,13.9,13.4
Malawi,MWI,141.3,136.9,131.9,126.8,122.3,118.9,115.9,113,109.6,105.3,99.6,92.4,84.5,76.7,70,64.9,61.5,59.3,56.2,54,52,48.4,45.6,42.7,40.3,38.5,36.8,35.3,34.1,32.9,31.8,30.9,30.1
Malaysia,MYS,14.3,13.6,13,12.4,11.9,11.5,11.1,10.7,10.1,9.4,8.7,8.1,7.6,7.3,7.1,7,7,7,7,7,6.9,6.9,6.9,6.9,6.9,7,7,7,6.9,6.9,6.8,6.8,6.7
North America,NAC,9.2,8.9,8.6,8.3,8,7.7,7.5,7.4,7.2,7.1,7,6.9,6.8,6.8,6.7,6.6,6.6,6.5,6.4,6.2,6.1,6,5.9,5.8,5.8,5.7,5.6,5.6,5.5,5.4,5.4,5.3,5.3
Namibia,NAM,49.1,48.1,47.4,47,47,47.5,48,47.9,47.3,46.3,45.3,44.4,43.6,43.1,42.4,39.2,37.4,37.8,37.8,38.8,36.9,37.1,38.2,35.9,33.4,33.1,32.5,31.7,31.2,30.5,29.9,29.3,28.6
New Caledonia,NCL,,,,,,,,,,,,,,,,,,,,,,,,,,,,,,,,,
Niger,NER,134,131.6,128.6,125,120.7,116.3,111.9,108,104.4,101.3,98.2,94.8,90.9,87,83,79.2,75.8,72.9,70.5,68.5,67,65.9,65,64.4,63.9,63.5,63.1,62.7,62.3,62,61.6,61,60.3
Nigeria,NGA,124.4,124.1,123.6,123.1,122.3,121.2,119.7,117.7,115.3,112.6,109.6,106.6,103.6,100.6,97.6,94.7,92.1,89.6,87.5,85.7,84.2,82.9,81.8,80.8,80,79.2,78.2,77,75.7,74,72.3,70.5,68.5
Nicaragua,NIC,50.7,48.7,46.5,44.4,42.3,40.2,38.2,36.4,37.3,32.8,31.2,29.7,28.3,27,25.8,24.7,23.6,22.6,21.6,20.8,20,19.2,18.5,17.8,17.1,16.5,16,15.4,14.9,14.4,14,13.5,13.1
Netherlands,NLD,6.8,6.6,6.3,6.1,5.9,5.7,5.5,5.4,5.3,5.2,5.1,5,4.9,4.8,4.6,4.4,4.3,4.1,4,3.8,3.7,3.6,3.6,3.5,3.5,3.5,3.5,3.5,3.5,3.4,3.4,3.4,3.4
Norway,NOR,7,6.4,5.9,5.4,4.9,4.6,4.4,4.3,4.1,4,3.9,3.8,3.7,3.6,3.4,3.3,3.2,3,2.9,2.8,2.7,2.5,2.4,2.4,2.3,2.2,2.1,2.1,2,1.9,1.9,1.8,1.8
Nepal,NPL,96.3,91.8,87.4,83.2,79.2,75.4,71.7,68.2,64.8,61.6,58.5,55.7,53.1,50.7,48.5,46.5,44.6,42.9,41.2,39.7,38.2,36.7,35.2,33.8,32.4,31,29.7,28.4,27.2,26,24.9,23.9,23
Nauru,NRU,51,48.9,46.8,44.8,42.8,41.1,39.5,38,36.6,35.4,34.3,33.3,32.5,31.9,31.5,31.3,31.1,31.1,31.1,30.9,30.6,30.1,29.5,28.8,28.1,27.4,26.7,25.9,25.1,24.4,23.7,22.9,22.3
New Zealand,NZL,9.2,8.7,8.2,7.8,7.5,7.2,6.9,6.7,6.5,6.3,6.1,5.9,5.8,5.7,5.6,5.5,5.4,5.3,5.3,5.2,5.2,5.1,5,4.8,4.7,4.6,4.4,4.3,4.2,4.1,4,3.9,3.9
OECD members,OED,17.4516968564929,16.7884243659888,16.0871302993354,15.5248003842003,14.8402957395514,14.233318436871,13.5967531592175,12.9558862129976,12.3893131640187,11.8340069199165,11.2671404955206,10.8841414340518,10.3719707795536,9.9491770315869,9.54482298462769,9.20299023598941,8.83984031017338,8.47951139220829,8.15399524232167,7.87948061169527,7.59554732193636,7.38922940704521,7.17822294780058,6.99715793717934,6.80960431790302,6.62343605892807,6.42775592991855,6.28660396992457,6.15518383271704,5.96851025126728,5.84592588215526,5.6539468223007,5.52024889418712
Oman,OMN,31.7,29,26.6,24.3,22.2,20.4,18.9,17.5,16.2,15.1,14.1,13.2,12.5,11.9,11.4,11,10.7,10.5,10.3,10.2,10.1,10,9.8,9.7,9.7,9.6,9.5,9.5,9.4,9.3,9.2,9.1,9
Other small states,OSS,56.3353197809698,55.6592382420613,54.3708480483985,53.5305247016574,53.0758696318276,52.5990091643981,51.643384626958,50.8245550817853,49.94711143114,48.5683381125074,47.2611305062983,46.5757624723987,45.3215395934498,44.0018254197003,42.5557184143625,41.2414907212487,38.6597114083125,37.5826452136446,36.5926213639817,35.094143201537,33.8458359942483,32.6892337645086,31.7852090701928,31.128094526001,30.3318688714922,29.103839837896,27.9868399462061,27.5302016003281,26.4618814082501,25.7589585322157,25.3438076717091,24.6008924333891,23.9773830496955
Pakistan,PAK,106.9,104.9,102.9,100.8,98.6,96.3,94,91.6,89.2,86.9,84.8,82.9,81.1,79.5,78.1,76.8,75.5,74.3,73,71.6,70.2,68.7,67.1,65.5,63.8,62.2,60.5,58.9,57.3,55.7,54.1,52.5,51
Panama,PAN,25.4,24.8,24.3,24,23.7,23.4,23.2,22.9,22.6,22.1,21.6,21,20.3,19.7,19.1,18.4,17.8,17.2,16.7,16.2,15.8,15.5,15.2,15,14.9,14.8,14.7,14.5,14.2,13.6,12.9,12.2,11.4
Peru,PER,56.8,54.2,51.5,48.6,45.7,42.8,39.8,36.9,34.1,31.5,29.1,26.9,25,23.3,21.8,20.5,19.3,18.2,17.2,16.4,15.6,15,14.4,13.9,13.5,13.2,13,12.8,12.6,12.4,12.2,12,11.7
Philippines,PHL,39.6,37.7,36,34.5,33.2,32,31,30.2,29.4,28.8,28.2,27.7,27.1,26.6,26.1,25.6,25.1,24.6,24.1,23.7,23.3,23,22.7,22.4,22.2,22.1,22.1,22.1,22.1,22.2,22.2,22.1,21.8
Palau,PLW,30.1,30.3,30.2,30,29.6,29.1,28.5,27.7,27,26.2,25.4,24.6,23.8,23.1,22.3,21.6,20.9,20.3,19.8,19.4,19.3,19.3,19.5,19.8,20.3,21,21.7,22.3,22.7,22.9,22.8,22.5,22.1
Papua New Guinea,PNG,62.4,61.4,60.4,59.5,58.6,57.7,56.9,56.1,55.4,54.7,53.9,53.2,52.4,51.6,50.8,49.9,49.1,48.1,47.2,46.2,45.3,44.3,43.4,42.4,41.5,40.6,39.5,38.4,37.4,36.4,35.4,34.5,33.4
Poland,POL,15.2,14.8,14.4,13.9,13.3,12.5,11.5,10.5,9.5,8.7,8.1,7.6,7.3,7,6.8,6.5,6.3,6,5.8,5.5,5.1,4.9,4.7,4.5,4.3,4.2,4.1,4,3.9,3.8,3.8,3.8,3.8
Pre-demographic dividend,PRE,110.125872010934,109.053036773398,107.949920231865,106.865503814052,105.433033060009,104.000730318991,102.327633955639,100.325696304293,98.0942397710903,95.6993799303684,93.0046582901151,90.1281263154214,87.1896695067343,84.2154000693095,81.215620356778,78.3708898877696,75.7399929051071,73.2852614695206,71.0598581817522,68.997650688246,67.1833155052512,65.433879009669,63.8472731027212,62.3052695817345,60.9888140291689,59.7442297553418,58.4846853006404,57.2040240457612,55.8992029342122,54.5816973944739,53.2800044031411,51.9755432230034,50.6314223998143
Puerto Rico,PRI,,,,,,,,,,,,,,,,,,,,,,,,,,,,,,,,,
"Korea, Dem. People's Rep.",PRK,32.1,35.5,34.6,33.7,32.8,64.4,63.2,62.3,61.6,60.9,60.1,59.2,58,26.9,26.2,25.6,25.2,25.2,24.7,24.1,23.1,21.8,20.3,19,17.8,16.8,16.2,15.3,14.6,13.9,13.3,12.7,13.6
Portugal,PRT,11.5,10.6,9.7,8.8,8.1,7.5,7,6.6,6.3,5.9,5.5,5.1,4.7,4.3,3.9,3.7,3.4,3.3,3.2,3.1,3.1,3,3,3,3,3,3,2.9,2.9,2.8,2.7,2.7,2.6
Paraguay,PRY,36.3,35.2,34,33,32.1,31.2,30.4,29.7,29.1,28.5,27.9,27.3,26.7,26.1,25.5,24.9,24.3,23.7,23,22.4,21.8,21.2,20.6,20,19.4,18.8,18.3,17.7,17.2,16.6,16,15.5,15
West Bank and Gaza,PSE,35.9,34.4,33.1,31.9,30.8,29.7,28.7,27.8,26.9,26.1,25.3,24.6,23.9,23.3,22.6,22,21.3,20.7,20.1,19.4,18.8,18.2,17.5,16.9,17.2,15.8,15.2,14.7,14.1,13.7,13.2,12.7,12.3
Pacific island small states,PSS,29.6189534011053,28.7395130417028,27.9874578809435,27.2611384960566,26.605793408087,26.0320694033009,25.5191344155954,25.0549303649487,24.6406227273496,24.2548896111551,23.8895750888725,23.5634181285088,23.4241387880897,23.1217662346207,23.0415325019205,22.9949253197097,22.8802162768343,22.7202021004465,22.4121015097369,22.2200400676141,21.6231699346405,21.186052488968,20.7680951209008,20.4301589484946,20.1447412074449,19.9770132820959,19.9148329021295,19.9014239701644,19.8781531183328,19.9692987342556,19.8146318732526,19.6359587872017,19.3364061652854
Post-demographic dividend,PST,8.99406248954213,8.65507250351953,8.38925201971588,8.03735056656549,7.56999379716309,7.23634923839056,6.9453845969737,6.66634487353043,6.46621519050931,6.22299034792472,6.05399369799937,5.87674792371925,5.72752948919483,5.64319873914229,5.4881440091601,5.37132074420509,5.29279498601908,5.16551279651467,5.04137821873774,4.90884108266974,4.73331361829789,4.63269472717665,4.52626517118535,4.43695030327451,4.39918678227938,4.32996776062157,4.25413326012447,4.18395844881593,4.16056761813113,4.10301275564754,4.05699413793322,3.99756032528608,3.9654124984895
French Polynesia,PYF,,,,,,,,,,,,,,,,,,,,,,,,,,,,,,,,,
Qatar,QAT,17.8,16.6,15.6,14.7,13.8,13.1,12.5,12,11.6,11.2,10.7,10.3,10,9.6,9.3,9,8.7,8.4,8.2,8,7.8,7.6,7.4,7.2,6.9,6.6,6.3,6,5.6,5.3,5,4.7,4.5
Romania,ROU,24.3,23,22.6,22.6,22.5,22.1,21.7,21.2,20.4,19.3,18,17.3,17.1,17,16.4,15.5,14.2,13,11.9,11.1,10.5,10,9.5,8.9,8.3,7.7,7.1,6.5,6,5.6,5.4,5.3,5.5
Russian Federation,RUS,17.3,17.3,17.4,17.6,17.7,17.6,17.4,17.1,16.7,16.2,15.5,14.8,13.9,13,12,11.1,10.3,9.6,9,8.6,8.4,8.2,7.9,7.6,7.2,6.6,6.1,5.5,5.1,4.7,4.4,4.1,3.8
Rwanda,RWA,92.9,97.9,104.7,113,213.9,129.4,131.3,129,124.5,117.8,109.4,99.9,90.3,81.4,72.9,65.7,59.6,54.5,50.3,47.1,44.1,40.7,38.9,37.2,35.8,34.7,33.8,33,32.1,31.2,30.3,29.5,28.8
South Asia,SAS,89.1,86.9,84.9,83,81,79.1,77.1,75,72.9,70.8,68.7,66.6,64.6,62.7,60.9,59,57.2,55.4,53.5,51.8,49.9,48.1,46.2,44.4,42.6,40.8,39.1,37.5,36,34.5,33.2,31.9,30.7
Saudi Arabia,SAU,35.5,33.1,30.9,28.9,27.1,25.4,23.9,22.4,21.1,19.9,18.8,17.8,16.8,15.9,15,14.2,13.4,12.6,11.9,11.2,10.5,9.9,9.3,8.8,8.2,7.8,7.3,6.9,6.6,6.2,6,5.7,5.5
Sudan,SDN,82.2,81,79.6,78.3,76.8,75.3,73.7,72,70.3,68.4,66.4,64.5,62.5,60.7,58.9,57.1,55.5,54,52.6,51.3,50,48.9,47.7,46.7,45.6,44.5,43.4,42.3,41.3,40.2,39.2,38.1,37
Senegal,SEN,71,70.3,70.1,70.2,70.6,71,71.2,71.1,70.6,69.5,67.7,65.2,62.2,59.1,56.1,53.1,50.5,48.2,46.1,44.3,42.6,41.1,39.6,38.2,36.9,35.5,34.2,33,31.9,30.9,29.9,29,28.2
Singapore,SGP,6.1,5.5,5,4.6,4.2,4,3.8,3.6,3.4,3.2,3,2.8,2.7,2.5,2.4,2.3,2.3,2.3,2.2,2.2,2.2,2.2,2.2,2.2,2.2,2.2,2.2,2.1,2.1,2,1.9,1.9,1.8
Solomon Islands,SLB,31.1,30.3,29.6,28.9,28.3,27.7,27.2,26.7,26.3,26,25.6,25.4,25.2,24.9,24.7,24.5,24.2,23.8,23.3,22.8,22.3,21.7,21.1,20.6,20,19.4,18.9,18.3,17.7,17.2,16.7,16.2,15.7
Sierra Leone,SLE,154.7,153.7,152.7,151.6,150.4,148.9,147.2,145.3,143.1,140.8,138.3,135.8,133.1,130.3,127.4,124.3,121.1,117.8,114.3,110.8,107.3,104,100.8,97.9,95.8,95.3,89.9,87.4,85,82.6,80.3,78.1,76
El Salvador,SLV,46.1,44,41.9,39.8,37.8,35.8,33.9,32,30.3,28.8,27.3,25.9,24.6,23.3,22.2,21.1,20,19.1,18.1,17.2,16.4,15.7,14.9,14.3,13.7,13.2,12.7,12.2,11.8,11.3,11,10.6,10.2
San Marino,SMR,11.8,10.7,9.8,9,8.2,7.5,6.9,6.3,5.8,5.3,4.9,4.5,4.2,3.9,3.6,3.3,3.1,2.9,2.7,2.6,2.4,2.3,2.1,2,1.9,1.8,1.7,1.6,1.5,1.5,1.4,1.4,1.3
Somalia,SOM,107.8,105.9,104.7,104.1,104,104,104,104,104,104,104,104,104,104,104,103.9,103.6,102.6,100.8,98.2,95.5,92.9,90.2,87.5,85.1,82.7,80.5,78.1,75.9,73.8,71.7,69.8,68
Serbia,SRB,24.1,22,21,20.2,18.8,16.9,15,13.3,12.1,11.4,11,10.5,9.9,9.1,8.4,7.7,7.3,7,6.9,6.7,6.6,6.4,6.2,5.9,5.7,5.4,5.2,5.1,5,4.9,4.8,4.6,4.4
Sub-Saharan Africa (excluding high income),SSA,106.936531854795,105.91592558277,105.003808873595,104.073191298406,104.135727842394,101.584309270979,100.062628457023,98.3291269534818,96.1662458448196,93.782598683347,91.1693037083903,88.313289213975,85.3962333122388,82.4375152497971,79.4587993946022,76.6181727814677,74.018774513468,71.5029872152856,69.1265144397925,67.0420265980256,65.115760962407,63.3199948000848,61.6551533778438,60.108166605789,58.7678789610548,57.4703249854326,56.1921421051244,54.8783733353744,53.5413457211891,52.2398044113553,51.0346527462202,49.8123724590063,48.5602348093145
South Sudan,SSD,148.9,145.9,142.5,138.9,135,131,127.1,122.9,118.5,113.9,109.2,104.4,99.8,95.4,91.1,87,83.1,79.5,76,72.8,69.7,66.9,65,64.1,63.8,63.8,63.8,63.8,63.8,63.8,63.8,63.8,63.8
Sub-Saharan Africa,SSF,106.9,105.9,105,104.1,104.1,101.6,100.1,98.3,96.2,93.8,91.2,88.3,85.4,82.4,79.5,76.6,74,71.5,69.1,67,65.1,63.3,61.7,60.1,58.8,57.5,56.2,54.9,53.5,52.2,51,49.8,48.6
Small states,SST,48.2493719119002,47.5038540807374,46.3747873128991,45.3922745728461,44.8327876072718,44.1126129356088,43.2824588804154,42.4850923009673,41.7368349476761,40.7527983754087,39.758986207399,39.124124707813,38.2437439499336,37.2824080830761,36.2662674177125,35.2918892922264,33.4934585181131,32.6757192168512,31.8836730807971,30.7766782377091,29.7796524660559,28.8479635883787,28.0863148316651,27.5215744666437,26.8433555593068,25.9318397777734,25.1166060606061,24.7331673480349,23.9351286363453,23.4776869057345,23.0516256079972,22.4400520599218,21.8908069522036
Sao Tome and Principe,STP,69.3,69.7,69.7,69.3,68.5,67,65.2,62.9,60.3,57.4,54.3,51.2,48,45,42.1,39.3,36.7,34.3,32,29.8,27.7,25.7,23.8,21.9,20.1,18.4,16.8,15.4,14.3,13.3,12.6,11.9,11.3
Suriname,SUR,38.7,37.5,36.2,35,33.8,32.6,31.5,30.4,29.3,28.3,27.4,26.5,25.7,24.9,24.2,23.5,22.9,22.2,21.7,21.1,20.6,20.1,19.6,19.2,18.7,18.3,17.8,17.3,16.8,16.3,15.8,15.4,14.8
Slovak Republic,SVK,12.6,12.2,11.6,11.1,10.6,10.2,9.7,9.2,8.8,8.4,8.1,7.8,7.6,7.4,7.2,6.9,6.7,6.4,6.1,5.9,5.7,5.6,5.4,5.3,5.3,5.2,5.1,5,5,4.9,4.9,4.9,4.9
Slovenia,SVN,8.8,8.2,7.6,7.1,6.6,6.2,5.8,5.4,5.1,4.8,4.5,4.3,4.1,3.9,3.7,3.5,3.3,3.1,2.9,2.8,2.6,2.5,2.4,2.3,2.2,2.1,2.1,2,2,2,1.9,1.9,1.9
Sweden,SWE,5.9,5.6,5.2,4.8,4.4,4,3.8,3.6,3.5,3.4,3.4,3.4,3.3,3.2,3.1,3,2.8,2.7,2.6,2.6,2.5,2.5,2.4,2.4,2.4,2.3,2.3,2.3,2.2,2.2,2.1,2.1,2
Eswatini,SWZ,52.4,52,52.6,54.1,56.5,60.1,62.9,65,66.8,67.8,69,70.2,70.9,71.6,71,70.7,61.7,62.5,64.5,61.4,58.4,54.4,53.5,52.3,52.9,49.5,47.3,48.2,44.5,43,43.4,40.8,39.7
Sint Maarten (Dutch part),SXM,,,,,,,,,,,,,,,,,,,,,,,,,,,,,,,,,
Seychelles,SYC,14,13.6,13.2,12.8,12.6,12.4,12.2,12,12,11.9,11.9,11.8,11.8,11.8,11.9,11.9,11.9,12,12,12.1,12.1,12.2,12.3,12.4,12.5,12.5,12.6,12.7,12.7,12.8,12.8,12.7,12.5
Syrian Arab Republic,SYR,30.1,29,27.9,26.8,25.6,24.5,23.4,22.3,21.3,20.4,19.6,18.9,18.3,17.7,17.3,16.9,16.6,16.4,16.3,16.3,16.3,18.3,26.3,28.3,27.2,26.7,23.2,24.4,25.7,20.4,18.6,18.1,17.8
Turks and Caicos Islands,TCA,14,13.1,12.3,11.5,10.8,10.1,9.5,8.9,8.4,7.9,7.5,7.1,6.8,6.5,6.2,6,5.8,5.6,5.5,5.3,5.2,5.1,5,5,4.9,4.8,4.7,4.6,4.5,4.4,4.3,4.2,4.1
Chad,TCD,111.7,110.4,109.2,108.1,107,105.9,104.9,103.8,102.5,101.2,99.8,98.3,96.8,95.4,93.9,92.4,90.8,89.2,87.5,85.7,84,82.3,80.6,78.9,77.3,75.7,74.1,72.4,70.6,69,67.3,65.7,64.1
East Asia & Pacific (IDA & IBRD countries),TEA,45.800502113598,45.4292464468166,44.4908169253459,43.3858141881649,42.1496313950548,40.7377585688433,39.292694767422,37.8022212825433,36.2655587714565,34.6748442262588,32.8646699883201,31.2100758140561,29.4656750283175,27.6662794022403,26.2594374390573,24.2725735839239,22.8337361351368,21.4389696731286,20.5794220233214,19.051105663252,18.0468708326556,17.1535153182374,15.9865097834316,15.366249937671,14.5201592268757,14.0720761296858,13.3110253896285,12.6888498696065,12.713388931264,12.4928983956076,12.6678990888019,12.6477513601357,12.2719565252384
Europe & Central Asia (IDA & IBRD countries),TEC,35.8166596851308,35.7074954143444,35.8903603776808,35.9121350034312,35.2713986365011,34.7876168863391,33.6808677707477,32.4462564401789,31.0900400809315,29.6319618090755,27.842423421768,26.2272915201884,24.5400208009004,22.9421125873608,21.5412212174899,20.2693535218407,19.0301167382572,17.8519531422642,16.6883772632249,15.7136548228446,14.9021467361874,14.1566400151272,13.3802756936552,12.7655637316055,12.1351754159854,11.5131124385675,10.9244836832342,10.4856217176416,10.1589450801855,9.88907006064649,9.55924040147072,9.20955343930312,8.89085767210868
Togo,TGO,90.8,89.6,88.6,87.4,86.2,84.7,83.1,81.4,79.5,77.6,75.6,73.6,71.7,69.8,68,66.2,64.6,62.9,61.3,59.8,58.2,56.7,55.2,53.7,52.2,50.8,49.4,48.1,46.8,45.6,44.4,43.2,42.1
Thailand,THA,30.3,28.8,27.4,26,24.7,23.5,22.4,21.2,20.2,19.2,18.2,17.2,16.3,15.5,14.7,13.9,13.2,12.5,11.8,11.3,10.8,10.3,9.9,9.5,9.2,8.9,8.6,8.3,8,7.7,7.4,7.2,7
Tajikistan,TJK,80.7,82.7,85.7,88.1,88.5,87.1,84.4,80.7,76.5,72,67.4,62.8,58.4,54.2,50.5,47.1,44.2,41.8,39.8,38.2,37,35.9,35,34.3,33.5,32.7,31.9,31.1,30.2,29.4,28.5,27.6,26.7
Turkmenistan,TKM,64.2,63.6,63.6,63.9,64.2,64.4,64.1,63.2,61.7,59.6,57.1,54.4,51.6,49,46.5,44.2,42.1,40.4,39.1,38,37.2,36.7,36.4,36.3,36.5,36.7,37,37.3,37.3,37,36.4,35.8,35
Latin America & the Caribbean (IDA & IBRD countries),TLA,43.971204889641,42.2327627015563,40.4967795576036,38.7621482320803,37.0229940198771,35.359022246819,33.6738636665931,32.0923342414602,30.7930942188062,29.0795198508383,27.7162685694616,26.4209315713335,25.1977540909442,24.068376811726,23.0300693045051,22.0328762574933,21.0870544867317,20.2573658266567,19.5069573056112,18.7931960442126,18.7513948131642,17.6062388017133,17.0681481018217,16.5755598862617,16.120816762264,15.7995003343804,16.0258426245646,15.3784734592528,15.0192901849305,14.6442253293494,14.2805448363861,13.935693170171,13.5634630675604
Timor-Leste,TLS,132.7,127.3,122.1,117.2,112.4,107.8,103.3,99.1,95,91.1,87.3,83.7,80.2,76.8,73.6,70.6,67.7,65.1,62.7,60.6,58.8,57.1,55.6,54.2,52.8,51.5,50,48.6,47.2,45.7,44.3,42.9,41.5
Middle East & North Africa (IDA & IBRD countries),TMN,53.0384994831021,51.2859029620052,49.7258371367897,48.2138067750215,46.7791265886126,45.3507853074441,43.7134599126071,42.2159228529485,40.6276700627259,39.0420390843205,37.456527284235,35.8071697590967,34.3137567334909,32.8760768103118,31.4694620228091,30.1640275995977,28.9097856286084,27.589621845239,26.3864104410459,25.4210444564481,24.4669482841717,23.7852828769357,23.5306397736105,22.8730630043886,22.0105812828975,21.3828358051928,20.6682920879306,20.1425864062097,19.8286393338011,19.262562355666,18.6625256836681,18.2600143779909,17.683215827644
Tonga,TON,18.9,18.2,17.6,17.1,16.6,16.2,15.8,15.5,15.2,14.9,14.5,14.1,13.7,13.4,13,12.7,12.3,12.1,11.8,11.5,11.3,11.2,11,10.9,10.8,10.7,10.6,10.5,10.3,10.1,9.9,9.6,9.4
South Asia (IDA & IBRD),TSA,89.1719482472303,86.9637327476327,84.8901515608303,82.9524567364755,81.0789566547057,79.0833612685799,77.0381068265832,74.9677169906484,72.916484061037,70.8151685509653,68.6496456168926,66.6166803779134,64.6662742058488,62.7024511073434,60.8900665562947,59.0228153034463,57.1604165275567,55.3780421056592,53.5377470603564,51.7163661231286,49.9352134058375,48.0877723764827,46.2371591302357,44.4242445623147,42.6386590967163,40.7992530672767,39.0938030373119,37.5007588027671,35.9963080102225,34.5743171846251,33.1559494399089,31.8875780304077,30.6588341293691
Sub-Saharan Africa (IDA & IBRD countries),TSS,106.930079257521,105.90933812542,104.997698701647,104.067020905497,104.129567501069,101.57889674499,100.057420762054,98.3244140469786,96.161804914784,93.7783211691347,91.1651584987436,88.3095107925025,85.3925656717668,82.4340168400594,79.4555368957143,76.6148865753999,74.0158071729258,71.5000459942793,69.1236468078234,67.0392620526246,65.1133316589684,63.3175094026376,61.6527416709023,60.1059887623091,58.7658099060489,57.468292577344,56.190129778012,54.8764370443518,53.5395326494604,52.2381138663679,51.0330708576459,49.8108834532366,48.5588332585629
Trinidad and Tobago,TTO,26.6,26.2,25.8,25.5,25.3,25.1,24.9,24.8,24.7,24.6,24.5,24.4,24.2,23.8,23.4,22.8,22.3,21.7,21.1,20.5,19.9,19.3,18.8,18.2,17.7,17.2,16.7,16.2,15.7,15.2,14.7,14.2,13.8
Tunisia,TUN,43,41.3,39.6,37.8,36,34,32,30,28.1,26.2,24.5,23,21.6,20.4,19.4,18.5,17.8,17.2,16.7,16.4,16.1,16,15.8,15.6,15.4,15.1,14.7,14,13.3,12.4,11.5,10.6,9.9
Turkiye,TUR,55.5,52.7,50,47.3,44.6,42.1,39.6,37.2,34.9,32.8,30.7,28.7,26.8,25,23.3,21.7,20.2,18.9,17.6,16.4,15.4,14.4,13.6,12.8,12.1,11.5,10.9,10.4,9.9,9.4,9,8.6,8.3
Tuvalu,TUV,42,41.6,41,40.5,39.8,39,38.1,37.1,36.1,35.1,34.2,33.5,32.9,32.3,31.6,30.9,30.1,29.1,28.1,27,26,25.1,24.2,23.4,22.6,21.9,21.2,20.5,19.8,19.1,18.5,17.9,17.4
Tanzania,TZA,100.7,99.3,98.1,96.8,95.4,93.6,91.5,88.9,85.9,82.3,78.1,73.7,69.2,65.1,61.3,57.7,54.9,51.8,49.6,47.3,45.5,43.8,42.4,41.2,40.1,39.1,37.7,36.1,34.5,33.3,32.1,31.1,30
Uganda,UGA,106.8,104.5,102.2,100,98.3,97.1,96,94.6,92.7,90.2,87,83.3,79.1,74.7,70.1,65.8,61.8,58.2,54.8,52.3,49.6,47,44.4,42.6,40.9,39.2,37.5,35.9,34.3,33.2,32.1,31.1,30.2
Ukraine,UKR,16.5,16.5,16.7,16.9,17.1,17.3,17.4,17.2,16.9,16.4,15.8,15.1,14.3,13.7,13,12.5,12,11.6,11.1,10.6,10.1,9.6,9.1,8.7,8.4,8.1,7.8,7.6,7.4,7.3,7.1,7,7
Upper middle income,UMC,43.4,42.7,41.7,40.6,39.2,37.8,36.3,34.9,33.3,31.7,30.1,28.5,26.9,25.3,24.1,22.4,21.2,19.9,18.7,17.6,16.6,15.8,14.9,14.2,13.5,13,12.3,11.7,11.6,11.3,11.3,11.1,10.8
Uruguay,URY,20.7,20.3,20,19.6,19.1,18.5,17.7,16.8,16,15.3,14.7,14.3,14,13.6,13.1,12.4,11.7,10.9,10.2,9.7,9.2,8.9,8.6,8.3,7.9,7.6,7.2,6.8,6.5,6.2,6,5.8,5.6
United States,USA,9.4,9.1,8.8,8.5,8.2,7.9,7.7,7.5,7.4,7.2,7.1,7,6.9,6.9,6.8,6.7,6.7,6.6,6.5,6.4,6.2,6.1,6,5.9,5.9,5.8,5.7,5.6,5.6,5.5,5.5,5.4,5.4
Uzbekistan,UZB,58.1,57.8,57.7,57.6,57.4,57,56.4,55.6,54.6,53.2,51.4,49.4,47.1,44.7,42.1,39.4,36.7,34.1,31.5,29,26.7,24.5,22.5,20.7,19.1,17.7,16.5,15.5,14.6,13.9,13.2,12.5,11.9
St. Vincent and the Grenadines,VCT,19.7,19.2,19,18.8,18.8,18.9,19.1,19.2,19.3,19.4,19.5,19.5,19.6,19.6,19.7,19.8,19.9,19.9,19.7,19.4,18.9,18.3,17.6,16.8,16,15.1,14.2,13.4,12.6,11.8,11.2,10.6,10.1
"Venezuela, RB",VEN,24.7,23.9,23.3,22.9,22.5,22.1,21.5,20.7,19.9,19.1,18.3,17.8,17.4,16.9,16.4,15.9,15.4,15,14.7,14.7,14.7,14.8,15,15.3,15.6,16.6,21.2,21.2,21.2,21.2,21.2,21.2,21.2
British Virgin Islands,VGB,19.4,18.5,17.8,17.1,16.5,16,15.6,15.2,14.9,14.7,14.4,14.2,14.1,13.9,13.8,13.8,13.7,13.6,13.6,13.6,13.6,13.7,13.7,13.7,13.7,13.6,13.4,13.1,12.8,12.5,12.3,12,11.6
Virgin Islands (U.S.),VIR,,,,,,,,,,,,,,,,,,,,,,,,,,,,,,,,,
Viet Nam,VNM,37.1,35.6,34.1,32.6,31.1,29.6,28.2,26.9,25.7,24.6,23.6,22.7,21.8,21.1,20.5,20,19.5,19.2,18.9,18.7,18.4,18.2,18,17.8,17.7,17.5,17.3,17.2,17,16.8,16.7,16.5,16.2
Vanuatu,VUT,30.1,29.1,28.2,27.4,26.7,26.1,25.6,25.3,24.9,24.5,24.2,23.9,23.6,23.4,23.1,22.8,22.5,22,21.4,20.8,20.1,19.5,19,18.5,18.2,17.9,17.7,17.5,17.1,16.8,16.4,16,15.6
World,WLD,63.7,63.5,62.8,62,61.3,60.1,59,57.7,56.3,54.8,53,51.6,49.9,48.1,46.5,44.7,43,41.4,39.9,38.5,37.3,36.1,34.7,33.8,32.7,32,31,30.2,30,29.4,29.1,28.6,27.9
Samoa,WSM,24.9,24.1,23.5,22.7,22,21.3,20.7,20,19.4,18.7,18.1,17.5,17.1,16.8,16.6,16.5,16.4,16.5,16.5,18.7,16.5,16.5,16.3,16.2,16,15.9,15.7,15.6,15.3,15.9,14.7,14.3,13.9
Kosovo,XKX,88,82.7,77.6,72.8,68,63.4,58.9,54.6,50.4,46.4,42.6,39,35.7,32.6,29.8,27.2,25,23,21.2,19.5,18.1,16.8,15.7,14.7,13.8,13,12.2,11.4,10.8,10.1,9.6,9.1,8.7
"Yemen, Rep.",YEM,88.1,85.7,83.7,81.9,80.3,78.8,77.3,75.5,73.3,70.7,67.8,64.8,61.8,58.8,56,53.4,50.9,48.6,46.5,44.7,43,41.6,40.5,39.3,38.4,38.4,37.5,36.8,36.6,35.9,34.5,34.7,33.1
South Africa,ZAF,47.9,46.9,46.3,45.9,45.9,46,46.4,47.2,47.6,48,49,49.4,49.8,49.7,49.6,49.9,49.1,47.5,44,40,35.7,33.4,32,31.1,30.4,29.8,29.4,28.9,28.5,28.2,28.1,27.8,27.7
Zambia,ZMB,108.6,108.4,107.8,106.5,104.4,102.3,100.3,98.5,96.5,94.2,90.8,85.9,80.1,74.2,68,62.5,58.8,57,54.6,52.8,51.1,50.1,49.1,47.9,47,47.1,45.4,44,43.4,42.2,40.9,39.9,39
Zimbabwe,ZWE,51.5,52.1,52.7,53.6,54.5,55.6,55.6,54.9,53.7,52.2,51.2,50.7,50.5,50.5,51.6,52.7,54.8,55.9,55.6,54.7,52.5,51.1,46.8,45,43,41.9,40.4,39.2,37.8,36.9,36.4,35.5,34.6